cmd_id,direction,scope,message,response_cmd_id,response_message
101,c2s,internal,protocol.SysSendMailC2S,,
102,c2s,internal,protocol.SysPlayerOnlineC2S,,
103,c2s,internal,protocol.PlayerOnlineRoomC2S,,
104,c2s,internal,protocol.SysCanPraiseInfoC2S,,
105,c2s,internal,protocol.SysPraiseC2S,,
106,c2s,internal,protocol.SysRoomFinishC2S,,
107,c2s,internal,protocol.SysRoomAddExpC2S,,
108,c2s,internal,protocol.SysGetShowFriendC2S,,
109,c2s,internal,protocol.SysFriendInviteC2S,,
110,c2s,internal,protocol.SysFriendDelC2S,,
111,c2s,internal,protocol.SysFriendInfoC2S,,
112,c2s,internal,protocol.SysFriendApplyC2S,,
113,c2s,internal,protocol.SysFriendAddC2S,,
114,c2s,internal,protocol.SysFriendSendMsgC2S,,
115,c2s,internal,protocol.SysCampaignFinishC2S,,
116,c2s,internal,protocol.SysAbroadPayMsgC2S,,
117,c2s,internal,protocol.AcquisitionMsgC2S,,
118,other,internal,protocol.SysFightRecord,,
119,c2s,internal,protocol.SysCampaignAwardC2S,,
120,c2s,internal,protocol.SysRecoupItemC2S,,
121,c2s,internal,protocol.SysPlayerOnlineRoomC2S,,
122,c2s,internal,protocol.SysPlayerCleanC2S,,
123,c2s,internal,protocol.SysPlayerPunishmentTimeC2S,,
124,other,internal,protocol.SysMatchSuccess,,
125,c2s,internal,protocol.SysChinaPayMsgC2S,,
126,other,internal,protocol.SysChangeMatchTeamState,,
127,c2s,internal,protocol.SysSaveSimplePlayerInfoC2S,,
128,c2s,internal,protocol.SysGmChangeNameC2S,,
129,c2s,internal,protocol.SysSyncPlayerC2S,,
130,c2s,internal,protocol.SysPlayerCreditScoreChangeC2S,,
131,c2s,internal,protocol.SysSyncPlayerMatchPunishmentTimeC2S,,
132,c2s,internal,protocol.GMChangeCreditScoreC2S,,
133,c2s,internal,protocol.SysPushReturnInfoC2S,,
134,c2s,internal,protocol.SysMutePlayerC2S,,
135,c2s,internal,protocol.SysQuestionC2S,,
1001,s2c,server-notification,protocol.KickS2C,,
1002,s2c,server-notification,protocol.PredictActionS2C,,
1003,s2c,server-notification,protocol.RunningGameS2C,,
1007,s2c,server-notification,protocol.BattleS2C,,
1011,s2c,server-notification,protocol.LotteryDrawS2C,,
1013,s2c,server-notification,protocol.LandBuffsS2C,,
1015,s2c,server-notification,protocol.RoundStartS2C,,
1016,s2c,server-notification,protocol.GameFinishS2C,,
1018,s2c,server-notification,protocol.MonsterRefreshS2C,,
1019,s2c,server-notification,protocol.MovePointBuffS2C,,
1020,s2c,server-notification,protocol.ChangeDirS2C,,
1022,s2c,server-notification,protocol.GambleChangeS2C,,
1023,s2c,server-notification,protocol.HeroBarBoxChangeS2C,,
1024,s2c,server-notification,protocol.RoomNotifyS2C,,
1026,s2c,server-notification,protocol.ActionStartNotifyS2C,,
1031,s2c,server-notification,protocol.NoGambleNotifyS2C,,
1034,s2c,server-notification,protocol.GambleObServeS2C,,
1040,s2c,server-notification,protocol.UpdateHeroAttrS2C,,
1042,s2c,server-notification,protocol.ChangePlayerSlotS2C,,
1043,s2c,server-notification,protocol.BossSleepS2C,,
1044,s2c,server-notification,protocol.RefMallS2C,,
1045,s2c,server-notification,protocol.BagItemChangeS2C,,
1046,s2c,server-notification,protocol.RoleCardChangeS2C,,
1047,s2c,server-notification,protocol.TaskConditionS2C,,
1048,s2c,server-notification,protocol.TaskInfoS2C,,
1049,s2c,server-notification,protocol.PlayerOnlineS2C,,
1050,s2c,server-notification,protocol.ChangeExpS2C,,
1051,s2c,server-notification,protocol.MailAddS2C,,
1052,s2c,server-notification,protocol.OnlineSyncRoomIdS2C,,
1053,s2c,server-notification,protocol.NoticeS2C,,
1054,s2c,server-notification,protocol.ActivityTaskConditionS2C,,
1055,s2c,server-notification,protocol.MapEventS2C,,
1056,s2c,server-notification,protocol.Day7RewardS2C,,
1057,s2c,server-notification,protocol.MapEventTrainS2C,,
1058,s2c,server-notification,protocol.ChangePraiseNumS2C,,
1059,s2c,server-notification,protocol.MonthlyCardS2C,,
1060,s2c,server-notification,protocol.MailDelS2C,,
1061,s2c,server-notification,protocol.FriendNotifyS2C,,
1062,s2c,server-notification,protocol.FriendListChangeS2C,,
1063,s2c,server-notification,protocol.FriendInviteNotifyS2C,,
1064,s2c,server-notification,protocol.LoopNoticeS2C,,
1065,s2c,server-notification,protocol.BattlePassLvS2C,,
1066,s2c,server-notification,protocol.BattlePassTaskInfoS2C,,
1067,s2c,server-notification,protocol.BattlePassUpdateTaskS2C,,
1068,s2c,server-notification,protocol.BattlePassBuyS2C,,
1069,s2c,server-notification,protocol.BattlePassInfoS2C,,
1070,s2c,server-notification,protocol.FriendsChatMsgS2C,,
1071,s2c,server-notification,protocol.GameProgressChangeS2C,,
1072,s2c,server-notification,protocol.MapMissionNotifyS2C,,
1073,s2c,server-notification,protocol.ChangeItemLimitS2C,,
1074,s2c,server-notification,protocol.CleanItemLimitS2C,,
1075,s2c,server-notification,protocol.CampaignPassS2C,,
1076,s2c,server-notification,protocol.CampaignNotifyS2C,,
1077,s2c,server-notification,protocol.KillMessageS2C,,
1078,s2c,server-notification,protocol.GameScoreChangeS2C,,
1079,s2c,server-notification,protocol.SignInRewardS2C,,
1080,s2c,server-notification,protocol.PayResultS2C,,
1081,s2c,server-notification,protocol.PayInfoChangeS2C,,
1082,s2c,server-notification,protocol.InviteSuccessS2C,,
1083,s2c,server-notification,protocol.InviteInfoNotifyS2C,,
1084,s2c,server-notification,protocol.MapStatusChangeS2C,,
1085,s2c,server-notification,protocol.GachaCountS2C,,
1086,s2c,server-notification,protocol.MapIndexChangeS2C,,
1087,s2c,server-notification,protocol.SurrenderPunishS2C,,
1088,s2c,server-notification,protocol.GamePassMapSuccessS2C,,
1090,s2c,server-notification,protocol.FriendDelNotifyS2C,,
1091,other,internal,protocol.BagExpiredTransformNotify,,
1092,s2c,server-notification,protocol.MapEventCrabS2C,,
1093,s2c,server-notification,protocol.PkAfterVoteS2C,,
1094,s2c,server-notification,protocol.PlayerTaskNotifyS2C,,
1095,s2c,server-notification,protocol.UnLockDifficultyS2C,,
1096,s2c,server-notification,protocol.HeroSkillMoveEffectS2C,,
1097,s2c,server-notification,protocol.TimeOutKickPlayerS2C,,
1098,s2c,server-notification,protocol.SayPhraseNotifyS2C,,
1099,other,internal,protocol.MatchTeamInviteNotify,,
1100,other,internal,protocol.RefreshMatchTeamStateNotify,,
1101,s2c,server-notification,protocol.ActivityPassGearChangeS2C,,
1102,s2c,server-notification,protocol.SingleGameScoreChangeS2C,,
1103,s2c,server-notification,protocol.DelayProgressMapEventS2C,,
1104,s2c,server-notification,protocol.LuckyStarMissionChangeS2C,,
1105,s2c,server-notification,protocol.MatchPunishmentS2C,,
1106,s2c,server-notification,protocol.ChallengeDataChangeS2C,,
1107,s2c,server-notification,protocol.GmUnlockRoleInfoS2C,,
1108,s2c,server-notification,protocol.SyncPlayerCreditInfoS2C,,
1109,s2c,server-notification,protocol.RoomHeroCardChangeS2C,,
1110,s2c,server-notification,protocol.RoomRoundAddTermS2C,,
1111,s2c,server-notification,protocol.ReturnInfoS2C,,
1112,s2c,server-notification,protocol.SyncRelicsS2C,,
1113,s2c,server-notification,protocol.ReplaySnapshotS2C,,
1114,s2c,server-notification,protocol.ClueNotifyS2C,,
1115,s2c,server-notification,protocol.ReplayDieS2C,,
1116,s2c,server-notification,protocol.GuildTaskNotifyS2C,,
1117,s2c,server-notification,protocol.GameRoundChangeS2C,,
1118,s2c,server-notification,protocol.NotifyQuestionS2C,,
2001,s2c,server-notification,protocol.SyncPlayerGuildS2C,,
2002,s2c,server-notification,protocol.SyncPlayerJoinGuildS2C,,
2003,s2c,server-notification,protocol.GuildChatMsgS2C,,
2004,s2c,server-notification,protocol.SyncGuildS2C,,
2005,s2c,server-notification,protocol.SyncGuildMemberS2C,,
2006,s2c,server-notification,protocol.SyncGuildMemberExitS2C,,
5001,c2s,client,protocol.ConnectC2S,5002,protocol.ConnectS2C
5002,s2c,client,protocol.ConnectS2C,,
5003,c2s,client,protocol.HeartbeatC2S,5004,protocol.HeartbeatS2C
5004,s2c,client,protocol.HeartbeatS2C,,
5005,c2s,client,protocol.CreateRoomC2S,5006,protocol.CreateRoomS2C
5006,s2c,client,protocol.CreateRoomS2C,,
5007,c2s,client,protocol.SyncRoomC2S,5008,protocol.SyncRoomS2C
5008,s2c,client,protocol.SyncRoomS2C,,
5009,c2s,client,protocol.JoinRoomC2S,5010,protocol.JoinRoomS2C
5010,s2c,client,protocol.JoinRoomS2C,,
5011,c2s,client,protocol.ExitRoomC2S,5012,protocol.ExitRoomS2C
5012,s2c,client,protocol.ExitRoomS2C,,
5013,c2s,client,protocol.QueryRoomC2S,5014,protocol.QueryRoomS2C
5014,s2c,client,protocol.QueryRoomS2C,,
5015,c2s,client,protocol.RefreshRoomStateC2S,5016,protocol.RefreshRoomStateS2C
5016,s2c,client,protocol.RefreshRoomStateS2C,,
5019,c2s,client,protocol.StartGameC2S,5020,protocol.StartGameS2C
5020,s2c,client,protocol.StartGameS2C,,
5021,c2s,client,protocol.ThrowDiceC2S,5022,protocol.ThrowDiceS2C
5022,s2c,client,protocol.ThrowDiceS2C,,
5023,c2s,client,protocol.ChangeRoomC2S,5024,protocol.ChangeRoomS2C
5024,s2c,client,protocol.ChangeRoomS2C,,
5027,c2s,client,protocol.MoveC2S,5028,protocol.MoveS2C
5028,s2c,client,protocol.MoveS2C,,
5029,c2s,client,protocol.ShopBuyC2S,5030,protocol.ShopBuyS2C
5030,s2c,client,protocol.ShopBuyS2C,,
5033,c2s,client,protocol.PursuitC2S,5034,protocol.PursuitS2C
5034,s2c,client,protocol.PursuitS2C,,
5035,c2s,client,protocol.BattleUseCardC2S,5036,protocol.BattleUseCardS2C
5036,s2c,client,protocol.BattleUseCardS2C,,
5037,c2s,client,protocol.BattleThrowDiceC2S,5038,protocol.BattleThrowDiceS2C
5038,s2c,client,protocol.BattleThrowDiceS2C,,
5039,c2s,client,protocol.BattleChoiceC2S,5040,protocol.BattleChoiceS2C
5040,s2c,client,protocol.BattleChoiceS2C,,
5041,c2s,client,protocol.LotteryChoiceC2S,5042,protocol.LotteryChoiceS2C
5042,s2c,client,protocol.LotteryChoiceS2C,,
5043,c2s,client,protocol.MoveAgainC2S,5044,protocol.MoveAgainS2C
5044,s2c,client,protocol.MoveAgainS2C,,
5047,c2s,client,protocol.AskBattleC2S,5048,protocol.AskBattleS2C
5048,s2c,client,protocol.AskBattleS2C,,
5049,c2s,client,protocol.RollGoldC2S,5050,protocol.RollGoldS2C
5050,s2c,client,protocol.RollGoldS2C,,
5051,c2s,client,protocol.EventThrowDiceC2S,5052,protocol.EventThrowDiceS2C
5052,s2c,client,protocol.EventThrowDiceS2C,,
5053,c2s,client,protocol.TriggerEventC2S,5054,protocol.TriggerEventS2C
5054,s2c,client,protocol.TriggerEventS2C,,
5055,c2s,client,protocol.UseEffectCardC2S,5056,protocol.UseEffectCardS2C
5056,s2c,client,protocol.UseEffectCardS2C,,
5059,c2s,client,protocol.BombThrowDiceC2S,5060,protocol.BombThrowDiceS2C
5060,s2c,client,protocol.BombThrowDiceS2C,,
5061,c2s,client,protocol.ChoiceDirectionC2S,5062,protocol.ChoiceDirectionS2C
5062,s2c,client,protocol.ChoiceDirectionS2C,,
5063,c2s,client,protocol.LandChoiceTargetC2S,5064,protocol.LandChoiceTargetS2C
5064,s2c,client,protocol.LandChoiceTargetS2C,,
5067,c2s,client,protocol.ThrowDiceResultC2S,5068,protocol.ThrowDiceResultS2C
5068,s2c,client,protocol.ThrowDiceResultS2C,,
5069,c2s,client,protocol.TriggerDivinationC2S,5070,protocol.TriggerDivinationS2C
5070,s2c,client,protocol.TriggerDivinationS2C,,
5071,c2s,client,protocol.TriggerDestinyC2S,5072,protocol.TriggerDestinyS2C
5072,s2c,client,protocol.TriggerDestinyS2C,,
5073,c2s,client,protocol.UseQuickCardC2S,5074,protocol.UseQuickCardS2C
5074,s2c,client,protocol.UseQuickCardS2C,,
5075,c2s,client,protocol.AbandonCardC2S,5076,protocol.AbandonCardS2C
5076,s2c,client,protocol.AbandonCardS2C,,
5077,c2s,client,protocol.StopOrContinueC2S,5078,protocol.StopOrContinueS2C
5078,s2c,client,protocol.StopOrContinueS2C,,
5081,c2s,client,protocol.StartGambleC2S,5082,protocol.StartGambleS2C
5082,s2c,client,protocol.StartGambleS2C,,
5083,c2s,client,protocol.GambleThrowDicC2S,5084,protocol.GambleThrowDicS2C
5084,s2c,client,protocol.GambleThrowDicS2C,,
5085,c2s,client,protocol.ChoiceHeroC2S2,5086,protocol.ChoiceHeroS2C2
5086,s2c,client,protocol.ChoiceHeroS2C2,,
5087,c2s,client,protocol.AffirmHeroC2S,5088,protocol.AffirmHeroS2C
5088,s2c,client,protocol.AffirmHeroS2C,,
5089,c2s,client,protocol.SearchRoomC2S,5090,protocol.SearchRoomS2C
5090,s2c,client,protocol.SearchRoomS2C,,
5091,c2s,client,protocol.GmC2S,5092,protocol.GmS2C
5092,s2c,client,protocol.GmS2C,,
5093,c2s,client,protocol.TriggerHospitalC2S,5094,protocol.TriggerHospitalS2C
5094,s2c,client,protocol.TriggerHospitalS2C,,
5095,c2s,client,protocol.SendChatC2S,5096,protocol.SendChatS2C
5096,s2c,client,protocol.SendChatS2C,,
5097,c2s,client,protocol.PlayerShopBuyC2S,5098,protocol.PlayerShopBuyS2C
5098,s2c,client,protocol.PlayerShopBuyS2C,,
5099,c2s,client,protocol.PlayerUseItemC2S,5100,protocol.PlayerUseItemS2C
5100,s2c,client,protocol.PlayerUseItemS2C,,
5101,c2s,client,protocol.UseTreasureC2S,5102,protocol.UseTreasureS2C
5102,s2c,client,protocol.UseTreasureS2C,,
5103,c2s,client,protocol.SetFashionC2S,5104,protocol.SetFashionS2C
5104,s2c,client,protocol.SetFashionS2C,,
5105,c2s,client,protocol.SelectFashionPlanC2S,5106,protocol.SelectFashionPlanS2C
5106,s2c,client,protocol.SelectFashionPlanS2C,,
5107,c2s,client,protocol.GachaC2S,5108,protocol.GachaS2C
5108,s2c,client,protocol.GachaS2C,,
5109,c2s,client,protocol.SteamSearchRoomC2S,5110,protocol.SteamSearchRoomS2C
5110,s2c,client,protocol.SteamSearchRoomS2C,,
5111,c2s,client,protocol.CheatItemC2S,5112,protocol.CheatItemS2C
5112,s2c,client,protocol.CheatItemS2C,,
5113,c2s,client,protocol.RoleCardUpLvC2S,5114,protocol.RoleCardUpLvS2C
5114,s2c,client,protocol.RoleCardUpLvS2C,,
5115,c2s,client,protocol.RoleCardBreakThroughC2S,5116,protocol.RoleCardBreakThroughS2C
5116,s2c,client,protocol.RoleCardBreakThroughS2C,,
5117,c2s,client,protocol.RoleCardChoiceResC2S,5118,protocol.RoleCardChoiceResS2C
5118,s2c,client,protocol.RoleCardChoiceResS2C,,
5119,c2s,client,protocol.TaskRewardC2S,5120,protocol.TaskRewardS2C
5120,s2c,client,protocol.TaskRewardS2C,,
5121,c2s,client,protocol.TeachingC2S,5122,protocol.TeachingS2C
5122,s2c,client,protocol.TeachingS2C,,
5123,c2s,client,protocol.UseTreasureAutoTransformC2S,5124,protocol.UseTreasureAutoTransformS2C
5124,s2c,client,protocol.UseTreasureAutoTransformS2C,,
5125,c2s,client,protocol.QuickJoinRoomC2S,5126,protocol.QuickJoinRoomS2C
5126,s2c,client,protocol.QuickJoinRoomS2C,,
5127,c2s,client,protocol.RoomKickPlayerC2S,5128,protocol.RoomKickPlayerS2C
5128,s2c,client,protocol.RoomKickPlayerS2C,,
5129,c2s,client,protocol.RoomAbdicationC2S,5130,protocol.RoomAbdicationS2C
5130,s2c,client,protocol.RoomAbdicationS2C,,
5131,c2s,client,protocol.RoomReadyC2S,5132,protocol.RoomReadyS2C
5132,s2c,client,protocol.RoomReadyS2C,,
5133,c2s,client,protocol.ChargeCreateC2S,5134,protocol.ChargeCreateS2C
5134,s2c,client,protocol.ChargeCreateS2C,,
5135,c2s,client,protocol.ChargeC2S,5136,protocol.ChargeS2C
5136,s2c,client,protocol.ChargeS2C,,
5137,c2s,client,protocol.GiftCdkC2S,5138,protocol.GiftCdkS2C
5138,s2c,client,protocol.GiftCdkS2C,,
5139,c2s,client,protocol.MailReadC2S,5140,protocol.MailReadS2C
5140,s2c,client,protocol.MailReadS2C,,
5141,c2s,client,protocol.MailGetRewardC2S,5142,protocol.MailGetRewardS2C
5142,s2c,client,protocol.MailGetRewardS2C,,
5143,c2s,client,protocol.MailDelReadC2S,5144,protocol.MailDelReadS2C
5144,s2c,client,protocol.MailDelReadS2C,,
5145,c2s,client,protocol.GachaRecordC2S,5146,protocol.GachaRecordS2C
5146,s2c,client,protocol.GachaRecordS2C,,
5147,c2s,client,protocol.ActivityTaskRewardC2S,5148,protocol.ActivityTaskRewardS2C
5148,s2c,client,protocol.ActivityTaskRewardS2C,,
5149,c2s,client,protocol.RoomShortChatC2S,5150,protocol.RoomShortChatS2C
5150,s2c,client,protocol.RoomShortChatS2C,,
5151,c2s,client,protocol.SetShowPlayerC2S,5152,protocol.SetShowPlayerS2C
5152,s2c,client,protocol.SetShowPlayerS2C,,
5153,c2s,client,protocol.GetShowPlayerC2S,5154,protocol.GetShowPlayerS2C
5154,s2c,client,protocol.GetShowPlayerS2C,,
5155,c2s,client,protocol.GetPlayerFightRecordC2S,5156,protocol.GetPlayerFightRecordS2C
5156,s2c,client,protocol.GetPlayerFightRecordS2C,,
5157,c2s,client,protocol.GetDay7RewardC2S,5158,protocol.GetDay7RewardS2C
5158,s2c,client,protocol.GetDay7RewardS2C,,
5159,c2s,client,protocol.PraisePlayerC2S,5160,protocol.PraisePlayerS2C
5160,s2c,client,protocol.PraisePlayerS2C,,
5161,c2s,client,protocol.ClientDataUploadC2S,5162,protocol.ClientDataUploadS2C
5162,s2c,client,protocol.ClientDataUploadS2C,,
5163,c2s,client,protocol.FriendListC2S,5164,protocol.FriendListS2C
5164,s2c,client,protocol.FriendListS2C,,
5165,c2s,client,protocol.FriendApplyC2S,5166,protocol.FriendApplyS2C
5166,s2c,client,protocol.FriendApplyS2C,,
5167,c2s,client,protocol.FriendApplyListC2S,5168,protocol.FriendApplyListS2C
5168,s2c,client,protocol.FriendApplyListS2C,,
5169,c2s,client,protocol.FriendApplyOpC2S,5170,protocol.FriendApplyOpS2C
5170,s2c,client,protocol.FriendApplyOpS2C,,
5171,c2s,client,protocol.FriendOpC2S,5172,protocol.FriendOpS2C
5172,s2c,client,protocol.FriendOpS2C,,
5173,c2s,client,protocol.FriendInviteC2S,5174,protocol.FriendInviteS2C
5174,s2c,client,protocol.FriendInviteS2C,,
5175,c2s,client,protocol.FriendInviteListC2S,5176,protocol.FriendInviteListS2C
5176,s2c,client,protocol.FriendInviteListS2C,,
5179,c2s,client,protocol.FriendInviteCleanC2S,5180,protocol.FriendInviteCleanS2C
5180,s2c,client,protocol.FriendInviteCleanS2C,,
5181,c2s,client,protocol.FriendBlacksListC2S,5182,protocol.FriendBlacksListS2C
5182,s2c,client,protocol.FriendBlacksListS2C,,
5183,c2s,client,protocol.NearFightPlayerC2S,5184,protocol.NearFightPlayerS2C
5184,s2c,client,protocol.NearFightPlayerS2C,,
5185,c2s,client,protocol.SearchPlayerC2S,5186,protocol.SearchPlayerS2C
5186,s2c,client,protocol.SearchPlayerS2C,,
5187,c2s,client,protocol.ScratchCardC2S,5188,protocol.ScratchCardS2C
5188,s2c,client,protocol.ScratchCardS2C,,
5189,c2s,client,protocol.NextScratchCardPoolC2S,5190,protocol.NextScratchCardPoolS2C
5190,s2c,client,protocol.NextScratchCardPoolS2C,,
5191,c2s,client,protocol.WatchJoinRoomC2S,5192,protocol.WatchJoinRoomS2C
5192,s2c,client,protocol.WatchJoinRoomS2C,,
5193,c2s,client,protocol.WatchRefreshRoomStateC2S,5194,protocol.WatchRefreshRoomStateS2C
5194,s2c,client,protocol.WatchRefreshRoomStateS2C,,
5195,c2s,client,protocol.WatchExitRoomC2S,5196,protocol.WatchExitRoomS2C
5196,s2c,client,protocol.WatchExitRoomS2C,,
5197,c2s,client,protocol.BattlePassGetRewardC2S,5198,protocol.BattlePassGetRewardS2C
5198,s2c,client,protocol.BattlePassGetRewardS2C,,
5199,c2s,client,protocol.BattlePassTaskRewardC2S,5200,protocol.BattlePassTaskRewardS2C
5200,s2c,client,protocol.BattlePassTaskRewardS2C,,
5201,c2s,client,protocol.BattlePassUpLvC2S,5202,protocol.BattlePassUpLvS2C
5202,s2c,client,protocol.BattlePassUpLvS2C,,
5203,c2s,client,protocol.FriendSendMsgC2S,5204,protocol.FriendSendMsgS2C
5204,s2c,client,protocol.FriendSendMsgS2C,,
5205,c2s,client,protocol.GetChatMsgC2S,5206,protocol.GetChatMsgS2C
5206,s2c,client,protocol.GetChatMsgS2C,,
5207,c2s,client,protocol.ReadChatMsgC2S,5208,protocol.ReadChatMsgS2C
5208,s2c,client,protocol.ReadChatMsgS2C,,
5209,c2s,client,protocol.DelChatMsgInfoC2S,5210,protocol.DelChatMsgInfoS2C
5210,s2c,client,protocol.DelChatMsgInfoS2C,,
5211,c2s,client,protocol.SelectRelicC2S,5212,protocol.SelectRelicS2C
5212,s2c,client,protocol.SelectRelicS2C,,
5213,c2s,client,protocol.MonsterPursuitC2S,5214,protocol.MonsterPursuitS2C
5214,s2c,client,protocol.MonsterPursuitS2C,,
5215,c2s,client,protocol.PVEShopBuyC2S,5216,protocol.PVEShopBuyS2C
5216,s2c,client,protocol.PVEShopBuyS2C,,
5217,c2s,client,protocol.ClientCheckTaskC2S,5218,protocol.ClientCheckTaskS2C
5218,s2c,client,protocol.ClientCheckTaskS2C,,
5219,c2s,client,protocol.PveHeroUpLvC2S,5220,protocol.PveHeroUpLvS2C
5220,s2c,client,protocol.PveHeroUpLvS2C,,
5221,c2s,client,protocol.StartMatchC2S,5222,protocol.StartMatchS2C
5222,s2c,client,protocol.StartMatchS2C,,
5223,c2s,client,protocol.CancelMatchC2S,5224,protocol.CancelMatchS2C
5224,s2c,client,protocol.CancelMatchS2C,,
5225,c2s,client,protocol.MatchSuccessC2S,5226,protocol.MatchSuccessS2C
5226,s2c,client,protocol.MatchSuccessS2C,,
5227,c2s,client,protocol.AccuseC2S,5228,protocol.AccuseS2C
5228,s2c,client,protocol.AccuseS2C,,
5229,c2s,client,protocol.SingleCampaignC2S,5230,protocol.SingleCampaignS2C
5230,s2c,client,protocol.SingleCampaignS2C,,
5231,c2s,client,protocol.DevChargeC2S,5232,protocol.DevChargeS2C
5232,s2c,client,protocol.DevChargeS2C,,
5233,c2s,client,protocol.AskReviveTeammateC2S,5234,protocol.AskReviveTeammateS2C
5234,s2c,client,protocol.AskReviveTeammateS2C,,
5235,c2s,client,protocol.GetSignInRewardC2S,5236,protocol.GetSignInRewardS2C
5236,s2c,client,protocol.GetSignInRewardS2C,,
5237,c2s,client,protocol.ChatMapMarkersC2S,5238,protocol.ChatMapMarkersS2C
5238,s2c,client,protocol.ChatMapMarkersS2C,,
5239,c2s,client,protocol.AbroadCreateOrderC2S,5240,protocol.AbroadCreateOrderS2C
5240,s2c,client,protocol.AbroadCreateOrderS2C,,
5243,c2s,client,protocol.AgeVerifyC2S,5244,protocol.AgeVerifyS2C
5244,s2c,client,protocol.AgeVerifyS2C,,
5245,c2s,client,protocol.ChangeNameC2S,5246,protocol.ChangeNameS2C
5246,s2c,client,protocol.ChangeNameS2C,,
5247,c2s,client,protocol.ClientClickConfirmTaskC2S,5248,protocol.ClientClickConfirmTaskS2C
5248,s2c,client,protocol.ClientClickConfirmTaskS2C,,
5249,c2s,client,protocol.BuyRelicC2S,5250,protocol.BuyRelicS2C
5250,s2c,client,protocol.BuyRelicS2C,,
5251,c2s,client,protocol.BuyLightGiftC2S,5252,protocol.BuyLightGiftS2C
5252,s2c,client,protocol.BuyLightGiftS2C,,
5253,c2s,client,protocol.LightGiftC2S,5254,protocol.LightGiftS2C
5254,s2c,client,protocol.LightGiftS2C,,
5255,c2s,client,protocol.AcquisitionC2S,5256,protocol.AcquisitionS2C
5256,s2c,client,protocol.AcquisitionS2C,,
5257,c2s,client,protocol.AcquisitionRewardC2S,5258,protocol.AcquisitionRewardS2C
5258,s2c,client,protocol.AcquisitionRewardS2C,,
5259,c2s,client,protocol.SelectMechanismC2S,5260,protocol.SelectMechanismS2C
5260,s2c,client,protocol.SelectMechanismS2C,,
5261,c2s,client,protocol.GachaCountRewardC2S,5262,protocol.GachaCountRewardS2C
5262,s2c,client,protocol.GachaCountRewardS2C,,
5263,c2s,client,protocol.GetPlayerSimpleC2S,5264,protocol.GetPlayerSimpleS2C
5264,s2c,client,protocol.GetPlayerSimpleS2C,,
5265,c2s,client,protocol.RoleCardCollectC2S,5266,protocol.RoleCardCollectS2C
5266,s2c,client,protocol.RoleCardCollectS2C,,
5267,c2s,client,protocol.GMPlayerSettingC2S,5268,protocol.GMPlayerSettingS2C
5268,s2c,client,protocol.GMPlayerSettingS2C,,
5269,c2s,client,protocol.SetFriendNoteC2S,5270,protocol.SetFriendNoteS2C
5270,s2c,client,protocol.SetFriendNoteS2C,,
5271,c2s,client,protocol.SetOnlineStatusC2S,5272,protocol.SetOnlineStatusS2C
5272,s2c,client,protocol.SetOnlineStatusS2C,,
5305,c2s,client,protocol.ChooseSkinC2S,5306,protocol.ChooseSkinS2C
5306,s2c,client,protocol.ChooseSkinS2C,,
5307,c2s,client,protocol.TimeWastingC2S,5308,protocol.TimeWastingS2C
5308,s2c,client,protocol.TimeWastingS2C,,
5309,c2s,client,protocol.VoteC2S,5310,protocol.VoteS2C
5310,s2c,client,protocol.VoteS2C,,
5311,c2s,client,protocol.VoteSelectC2S,5312,protocol.VoteSelectS2C
5312,s2c,client,protocol.VoteSelectS2C,,
5313,c2s,client,protocol.NotifyStoryC2S,5314,protocol.NotifyStoryS2C
5314,s2c,client,protocol.NotifyStoryS2C,,
5315,c2s,client,protocol.PveHeroTalentUpC2S,5316,protocol.PveHeroTalentUpS2C
5316,s2c,client,protocol.PveHeroTalentUpS2C,,
5317,c2s,client,protocol.SelectEventC2S,5318,protocol.SelectEventS2C
5318,s2c,client,protocol.SelectEventS2C,,
5319,c2s,client,protocol.CampScoreC2S,5320,protocol.CampScoreS2C
5320,s2c,client,protocol.CampScoreS2C,,
5321,c2s,client,protocol.ActivityMissionRewardC2S,5322,protocol.ActivityMissionRewardS2C
5322,s2c,client,protocol.ActivityMissionRewardS2C,,
5323,c2s,client,protocol.VendorBuyCardC2S,5324,protocol.VendorBuyCardS2C
5324,s2c,client,protocol.VendorBuyCardS2C,,
5325,c2s,client,protocol.TransferStarDiscC2S,5326,protocol.TransferStarDiscS2C
5326,s2c,client,protocol.TransferStarDiscS2C,,
5327,c2s,client,protocol.GetHeroInfoC2S,5328,protocol.GetHeroInfoS2C
5328,s2c,client,protocol.GetHeroInfoS2C,,
5329,c2s,client,protocol.CreateMatchTeamC2S,5330,protocol.CreateMatchTeamS2C
5330,s2c,client,protocol.CreateMatchTeamS2C,,
5331,c2s,client,protocol.ChangeMatchTeamC2S,5332,protocol.ChangeMatchTeamS2C
5332,s2c,client,protocol.ChangeMatchTeamS2C,,
5333,c2s,client,protocol.JoinMatchTeamC2S,5334,protocol.JoinMatchTeamS2C
5334,s2c,client,protocol.JoinMatchTeamS2C,,
5335,c2s,client,protocol.ExitMatchTeamC2S,5336,protocol.ExitMatchTeamS2C
5336,s2c,client,protocol.ExitMatchTeamS2C,,
5337,c2s,client,protocol.RefreshMatchTeamInfoC2S,5338,protocol.RefreshMatchTeamInfoS2C
5338,s2c,client,protocol.RefreshMatchTeamInfoS2C,,
5339,c2s,client,protocol.ChinaCreateOrderC2S,5340,protocol.ChinaCreateOrderS2C
5340,s2c,client,protocol.ChinaCreateOrderS2C,,
5341,c2s,client,protocol.MatchTeamInviteC2S,5342,protocol.MatchTeamInviteS2C
5342,s2c,client,protocol.MatchTeamInviteS2C,,
5343,c2s,client,protocol.MatchTeamChatC2S,5344,protocol.MatchTeamChatS2C
5344,s2c,client,protocol.MatchTeamChatS2C,,
5345,c2s,client,protocol.MatchTeamReadyC2S,5346,protocol.MatchTeamReadyS2C
5346,s2c,client,protocol.MatchTeamReadyS2C,,
5347,c2s,client,protocol.PlayerChatC2S,5348,protocol.PlayerChatS2C
5348,s2c,client,protocol.PlayerChatS2C,,
5349,c2s,client,protocol.SyncSingleGameDataC2S,5350,protocol.SyncSingleGameDataS2C
5350,s2c,client,protocol.SyncSingleGameDataS2C,,
5351,c2s,client,protocol.SingleGameDataC2S,5352,protocol.SingleGameDataS2C
5352,s2c,client,protocol.SingleGameDataS2C,,
5353,c2s,client,protocol.GetActivityPassRewardC2S,5354,protocol.GetActivityPassRewardS2C
5354,s2c,client,protocol.GetActivityPassRewardS2C,,
5355,c2s,client,protocol.ApplyChangeSlotC2S,5356,protocol.ApplyChangeSlotS2C
5356,s2c,client,protocol.ApplyChangeSlotS2C,,
5357,c2s,client,protocol.OpsChangeSlotC2S,5358,protocol.OpsChangeSlotS2C
5358,s2c,client,protocol.OpsChangeSlotS2C,,
5359,c2s,client,protocol.RookieGachaRewardC2S,5360,protocol.RookieGachaRewardS2C
5360,s2c,client,protocol.RookieGachaRewardS2C,,
5361,c2s,client,protocol.LiveGiftPackageC2S,5362,protocol.LiveGiftPackageS2C
5362,s2c,client,protocol.LiveGiftPackageS2C,,
5363,c2s,client,protocol.LaborActDiceC2S,5364,protocol.LaborActDiceS2C
5364,s2c,client,protocol.LaborActDiceS2C,,
5365,c2s,client,protocol.ActionOverTimeLogC2S,5366,protocol.ActionOverTimeLogS2C
5366,s2c,client,protocol.ActionOverTimeLogS2C,,
5369,c2s,client,protocol.ClientHarmonyC2S,5370,protocol.ClientHarmonyS2C
5370,s2c,client,protocol.ClientHarmonyS2C,,
5371,c2s,client,protocol.MailStarC2S,5372,protocol.MailStarS2C
5372,s2c,client,protocol.MailStarS2C,,
5373,c2s,client,protocol.SetCardAltArtC2S,5374,protocol.SetCardAltArtS2C
5374,s2c,client,protocol.SetCardAltArtS2C,,
5377,c2s,client,protocol.SelectRewardCardC2S,5378,protocol.SelectRewardCardS2C
5378,s2c,client,protocol.SelectRewardCardS2C,,
5379,c2s,client,protocol.GetReturnInfoC2S,5380,protocol.GetReturnInfoS2C
5380,s2c,client,protocol.GetReturnInfoS2C,,
5381,c2s,client,protocol.ReturnGiftClaimC2S,5382,protocol.ReturnGiftClaimS2C
5382,s2c,client,protocol.ReturnGiftClaimS2C,,
5383,c2s,client,protocol.ReturnSignInClaimC2S,5384,protocol.ReturnSignInClaimS2C
5384,s2c,client,protocol.ReturnSignInClaimS2C,,
5385,c2s,client,protocol.ReturnSurveyFinishC2S,5386,protocol.ReturnSurveyFinishS2C
5386,s2c,client,protocol.ReturnSurveyFinishS2C,,
5387,c2s,client,protocol.FlipCardC2S,5388,protocol.FlipCardS2C
5388,s2c,client,protocol.FlipCardS2C,,
5389,c2s,client,protocol.FlipCardProgressRewardC2S,5390,protocol.FlipCardProgressRewardS2C
5390,s2c,client,protocol.FlipCardProgressRewardS2C,,
5395,c2s,client,protocol.GetQuestionUrlC2S,5396,protocol.GetQuestionUrlS2C
5396,s2c,client,protocol.GetQuestionUrlS2C,,
9001,c2s,client,protocol.CreateGuildC2S,9002,protocol.CreateGuildS2C
9002,s2c,client,protocol.CreateGuildS2C,,
9003,c2s,client,protocol.SearchGuildC2S,9004,protocol.SearchGuildS2C
9004,s2c,client,protocol.SearchGuildS2C,,
9005,c2s,client,protocol.ApplyToGuildC2S,9006,protocol.ApplyToGuildS2C
9006,s2c,client,protocol.ApplyToGuildS2C,,
9007,c2s,client,protocol.ProcessGuildApplicationC2S,9008,protocol.ProcessGuildApplicationS2C
9008,s2c,client,protocol.ProcessGuildApplicationS2C,,
9009,c2s,client,protocol.SendGuildInvitationC2S,9010,protocol.SendGuildInvitationS2C
9010,s2c,client,protocol.SendGuildInvitationS2C,,
9011,c2s,client,protocol.ProcessGuildInvitationC2S,9012,protocol.ProcessGuildInvitationS2C
9012,s2c,client,protocol.ProcessGuildInvitationS2C,,
9013,c2s,client,protocol.GetGuildInfoC2S,9014,protocol.GetGuildInfoS2C
9014,s2c,client,protocol.GetGuildInfoS2C,,
9015,c2s,client,protocol.UpdateGuildSettingsC2S,9016,protocol.UpdateGuildSettingsS2C
9016,s2c,client,protocol.UpdateGuildSettingsS2C,,
9017,c2s,client,protocol.UpdateGuildInAnnouncementC2S,9018,protocol.UpdateGuildInAnnouncementS2C
9018,s2c,client,protocol.UpdateGuildInAnnouncementS2C,,
9019,c2s,client,protocol.TransferGuildMasterC2S,9020,protocol.TransferGuildMasterS2C
9020,s2c,client,protocol.TransferGuildMasterS2C,,
9021,c2s,client,protocol.ChangeGuildMemberTitleC2S,9022,protocol.ChangeGuildMemberTitleS2C
9022,s2c,client,protocol.ChangeGuildMemberTitleS2C,,
9023,c2s,client,protocol.KickGuildMemberC2S,9024,protocol.KickGuildMemberS2C
9024,s2c,client,protocol.KickGuildMemberS2C,,
9025,c2s,client,protocol.ImpeachGuildMasterC2S,9026,protocol.ImpeachGuildMasterS2C
9026,s2c,client,protocol.ImpeachGuildMasterS2C,,
9027,c2s,client,protocol.ExitGuildC2S,9028,protocol.ExitGuildS2C
9028,s2c,client,protocol.ExitGuildS2C,,
9029,c2s,client,protocol.DisbandGuildC2S,9030,protocol.DisbandGuildS2C
9030,s2c,client,protocol.DisbandGuildS2C,,
9031,c2s,client,protocol.GuildMissionRewardC2S,9032,protocol.GuildMissionRewardS2C
9032,s2c,client,protocol.GuildMissionRewardS2C,,
9033,c2s,client,protocol.GetGuildMemberChangeMsgC2S,9034,protocol.GetGuildMemberChangeMsgS2C
9034,s2c,client,protocol.GetGuildMemberChangeMsgS2C,,
9035,c2s,client,protocol.SendGuildChatMsgC2S,9036,protocol.SendGuildChatMsgS2C
9036,s2c,client,protocol.SendGuildChatMsgS2C,,
9037,c2s,client,protocol.GetGuildChatMsgC2S,9038,protocol.GetGuildChatMsgS2C
9038,s2c,client,protocol.GetGuildChatMsgS2C,,
9039,c2s,client,protocol.GuildMemberC2S,9040,protocol.GuildMemberS2C
9040,s2c,client,protocol.GuildMemberS2C,,
9041,c2s,client,protocol.GetGuildsInfoC2S,9042,protocol.GetGuildsInfoS2C
9042,s2c,client,protocol.GetGuildsInfoS2C,,
50000,c2s,test,protocol.TestRpcEchoC2S,50001,protocol.TestRpcEchoS2C
50001,s2c,test,protocol.TestRpcEchoS2C,,
