proto_file,package,top_level_messages,top_level_enums,messages
Achieve.proto,config,4,0,"AchieveInfoConfigure,AchieveGlobalConfigure,AchieveShieldConfigure,AchieveConfigure"
Acquisition.proto,config,3,0,"AcquisitionInfoConfigure,AcquisitionTaskConfigure,AcquisitionConfigure"
Activity.proto,config,12,0,"ActivityActivityEntrance2Configure,ActivityInfoConfigure,ActivityTaskConfigure,ActivityScratchoffConfigure,ActivityLightingConfigure,ActivityScratchoffPoolConfigure,ActivityScratchoffPoolConfigureItem,ActivityGachaConfigure,ActivityBingoFlipConfigure,ActivityBingoFlipPoolConfigure,ActivityBingoFlipPoolConfigureItem,ActivityConfigure"
Audio.proto,config,3,0,"AudioBankConfigure,AudioEventConfigure,AudioConfigure"
Banner.proto,config,2,0,"BannerInfoConfigure,BannerConfigure"
BattlePass.proto,config,11,0,"BattlePassInfoConfigure,BattlePassGoodsConfigure,BattlePassTaskConfigure,BattlePassTaskConfigureItem,BattlePassRewardConfigure,BattlePassRewardConfigureItem,BattlePassRewardAdsConfigure,BattlePassRewardAdsConfigureItem,BattlePassRewardDetailConfigure,BattlePassRewardDetailConfigureItem,BattlePassConfigure"
BattlePassNew.proto,config,3,0,"BattlePassNewInfoConfigure,BattlePassNewInfoConfigureItem,BattlePassNewConfigure"
BattleResource.proto,config,3,0,"BattleResourceInfoConfigure,BattleResourcePostProcessConfigure,BattleResourceConfigure"
BeginTips.proto,config,2,0,"BeginTipsInfoConfigure,BeginTipsConfigure"
Bot.proto,config,2,0,"BotAccountConfigure,BotConfigure"
Buff.proto,config,2,0,"BuffInfoConfigure,BuffConfigure"
Campaign.proto,config,6,0,"CampaignChapterConfigure,CampaignLevelConfigure,CampaignLevelConfigureInitialCards,CampaignTriggerConfigure,CampaignTryOutConfigure,CampaignConfigure"
Card.proto,config,8,0,"CardInfoConfigure,CardEffectPoolConfigure,CardEffectPoolConfigureItem,CardBattlePoolConfigure,CardBattlePoolConfigureItem,CardAltArtConfigure,CardAltArtConfigureItem,CardConfigure"
Character.proto,config,7,0,"CharacterInfoConfigure,CharacterExpressionPackConfigure,CharacterExpressionPackConfigureItem,CharacterHeroFavorGiftConfigure,CharacterHeroFavorGiftConfigureItem,CharacterVoiceConfigure,CharacterConfigure"
Chat.proto,config,3,0,"ChatInfoConfigure,ChatMarkConfigure,ChatConfigure"
Chest.proto,config,4,0,"ChestInfoConfigure,ChestRandomRewardConfigure,ChestRandomRewardConfigureItem,ChestConfigure"
ChoosingTimeLimit.proto,config,5,0,"ChoosingTimeLimitInfoConfigure,ChoosingTimeLimitgamespeedConfigure,ChoosingTimeLimitdifficultyConfigure,ChoosingTimeLimitroomsettingConfigure,ChoosingTimeLimitConfigure"
Collaboration.proto,config,3,0,"CollaborationInfoConfigure,CollaborationGoodsConfigure,CollaborationConfigure"
Comeback.proto,config,2,0,"ComebackParamsConfigure,ComebackConfigure"
Coupons.proto,config,2,0,"CouponsInfoConfigure,CouponsConfigure"
Day7GiftPackage.proto,config,3,0,"Day7GiftPackageGoodsConfigure,Day7GiftPackageGoodsConfigureItem,Day7GiftPackageConfigure"
Destiny.proto,config,3,0,"DestinyInfoConfigure,DestinyPeriodConfigure,DestinyConfigure"
Developer.proto,config,2,0,"DeveloperDeveloperConfigure,DeveloperConfigure"
DiceActivity.proto,config,4,0,"DiceActivityInfoConfigure,DiceActivityDataConfigure,DiceActivityDataConfigureItem,DiceActivityConfigure"
Divination.proto,config,3,0,"DivinationInfoConfigure,DivinationTargetConfigure,DivinationConfigure"
Effect.proto,config,2,0,"EffectInfoConfigure,EffectConfigure"
Enum.proto,config,0,98,
Event.proto,config,4,0,"EventInfoConfigure,EventPeriodConfigure,EventPeriodConfigureItem,EventConfigure"
ExchangeStore.proto,config,10,0,"ExchangeStoreShelfConfigure,ExchangeStoreInfoConfigure,ExchangeStoreRefreshPoolConfigure,ExchangeStoreRefreshPoolConfigureItem,ExchangeStoreGoodsConfigure,ExchangeStoreGoodsConfigureItem,ExchangeStoreGiftChainConfigure,ExchangeStoreGiftChainConfigureItem,ExchangeStoreSkinGroupConfigure,ExchangeStoreConfigure"
FactionPoints.proto,config,2,0,"FactionPointsInfoConfigure,FactionPointsConfigure"
Fashion.proto,config,7,0,"FashionAccountHeadShotConfigure,FashionAccountBackgroundConfigure,FashionEffectConfigure,FashionCardBackConfigure,FashionDiceConfigure,FashionKVConfigure,FashionConfigure"
Favor.proto,config,7,0,"FavorLevelConfigure,FavorLevelRewardConfigure,FavorLevelRewardConfigureItem,FavorBreakthroughConfigure,FavorGiftConfigure,FavorWayConfigure,FavorConfigure"
FixAchieve.proto,config,2,0,"FixAchieveGlobalConfigure,FixAchieveConfigure"
FixBanner.proto,config,2,0,"FixBannerInfoConfigure,FixBannerConfigure"
FixBattlePass.proto,config,3,0,"FixBattlePassInfoConfigure,FixBattlePassTaskConfigure,FixBattlePassConfigure"
FixCharacter.proto,config,3,0,"FixCharacterInfoConfigure,FixCharacterShieldSkillConfigure,FixCharacterConfigure"
FixCollaboration.proto,config,2,0,"FixCollaborationInfoConfigure,FixCollaborationConfigure"
FixGameMode.proto,config,2,0,"FixGameModeInfoConfigure,FixGameModeConfigure"
FixGlobal.proto,config,2,0,"FixGlobalDataConfigure,FixGlobalConfigure"
FixINTJP.proto,config,12,0,"FixINTJPItemInfoConfigure,FixINTJPFashionAccountBackgroundConfigure,FixINTJPMapEventInfoConfigure,FixINTJPSkinStandingPaintingConfigure,FixINTJPSkinStandingPaintingConfigureItem,FixINTJPBannerConfigure,FixINTJPSpecifiedCommercialTransactionsConfigure,FixINTJPPaymentServicesActConfigure,FixINTJPRechargeLimitConfigure,FixINTJPExchangeStoreGoodsConfigure,FixINTJPExchangeStoreGoodsConfigureItem,FixINTJPConfigure"
FixINTSteam.proto,config,2,0,"FixINTSteamItemInfoConfigure,FixINTSteamConfigure"
FixItem.proto,config,3,0,"FixItemInfoConfigure,FixItemShieldConfigure,FixItemConfigure"
FixMap.proto,config,3,0,"FixMapMapLevelConfigure,FixMapMapLevelConfigureItem,FixMapConfigure"
FixMatch.proto,config,2,0,"FixMatchInfoConfigure,FixMatchConfigure"
FixMission.proto,config,2,0,"FixMissionDataConfigure,FixMissionConfigure"
FixProductRecommendation.proto,config,2,0,"FixProductRecommendationBannerConfigure,FixProductRecommendationConfigure"
FixSignIn.proto,config,2,0,"FixSignInInfoConfigure,FixSignInConfigure"
FixSteam.proto,config,8,0,"FixSteamThank2588Configure,FixSteamThank688Configure,FixSteamThank388Configure,FixSteamThank138Configure,FixSteamThank68Configure,FixSteamThank28Configure,FixSteamThank0Configure,FixSteamConfigure"
Font.proto,config,2,0,"FontInfoConfigure,FontConfigure"
Gacha.proto,config,9,0,"GachaBackstageConfigure,GachaPoolConfigure,GachaCombConfigure,GachaCombConfigureItem,GachaGroupConfigure,GachaGroupConfigureItem,GachaProgressConfigure,GachaProgressConfigureItem,GachaConfigure"
GameMode.proto,config,8,0,"GameModeInfoConfigure,GameModeNPCPlayerConfigure,GameModeDifficultyDataConfigure,GameModeDifficultyDataConfigureItem,GameModeAsymmetricalBattleConfigure,GameModeMutatorPVEConfigure,GameModeGalleryMapConfigure,GameModeConfigure"
Global.proto,config,2,0,"GlobalDataConfigure,GlobalConfigure"
Guide.proto,config,5,0,"GuideInfoConfigure,GuideInfoConfigureItem,GuideDialogConfigure,GuideTutorialConfigure,GuideConfigure"
Guild.proto,config,6,0,"GuildAuthorityConfigure,GuildCreateConfigure,GuildMissionConfigure,GuildMemberChangeNotificationConfigure,GuildTagConfigure,GuildConfigure"
ImageLocalization.proto,config,2,0,"ImageLocalizationLocalConfigure,ImageLocalizationConfigure"
Item.proto,config,4,0,"ItemInfoConfigure,ItemTagConfigure,ItemUIConfigure,ItemConfigure"
Land.proto,config,3,0,"LandInfoConfigure,LandRollGoldConfigure,LandConfigure"
LuckyStarBattle.proto,config,3,0,"LuckyStarBattleInfoConfigure,LuckyStarBattleParamConfigure,LuckyStarBattleConfigure"
Map.proto,config,9,0,"MapInfoConfigure,MapSceneConfigure,MapGameDifficultyConfigure,MapGameDifficultyConfigureItem,MapMapRewardConfigure,MapMapLevelConfigure,MapMapLevelConfigureItem,MapMapPoolConfigure,MapConfigure"
MapEvent.proto,config,4,0,"MapEventInfoConfigure,MapEventInfoConfigureMapEventEffectConfigss,MapEventMapEventCardConfigure,MapEventConfigure"
Match.proto,config,5,0,"MatchInfoConfigure,MatchParmsConfigure,MatchCreditTierConfigure,MatchCreditActionConfigure,MatchConfigure"
Mission.proto,config,2,0,"MissionDataConfigure,MissionConfigure"
Monster.proto,config,4,0,"MonsterInfoConfigure,MonsterAttributeConfigure,MonsterAttributeConfigureItem,MonsterConfigure"
MonthlyCard.proto,config,2,0,"MonthlyCardGoodsConfigure,MonthlyCardConfigure"
Mutator.proto,config,6,0,"MutatorInfoConfigure,MutatorPoolConfigure,MutatorPoolConfigureItem,MutatorPoolComposeConfigure,MutatorPoolComposeConfigureItem,MutatorConfigure"
PVEMission.proto,config,9,0,"PVEMissionInfoConfigure,PVEMissionInfoConfigureMissionTargetConfigss,PVEMissionInfoConfigureMissionFailedConfigss,PVEMissionInfoConfigureRewardConfigss,PVEMissionInfoConfigureRewardFailedConfigss,PVEMissionVoteConfigure,PVEMissionClueConfigure,PVEMissionClueConfigureMissionTargetConfigss,PVEMissionConfigure"
PVENurturance.proto,config,6,0,"PVENurturanceLevelupConfigure,PVENurturanceEnhancementConfigure,PVENurturanceEnhancementConfigureItem,PVENurturanceItemExpConfigure,PVENurturanceBreakConfigure,PVENurturanceConfigure"
Perform.proto,config,5,0,"PerformInfoConfigure,PerformTriggerConfigure,PerformTriggerSetConfigure,PerformTriggerSetConfigureItem,PerformConfigure"
Player.proto,config,4,0,"PlayerLevelConfigure,PlayerRewardConfigure,PlayerCoverNameConfigure,PlayerConfigure"
ProductRecommendation.proto,config,2,0,"ProductRecommendationBannerConfigure,ProductRecommendationConfigure"
RechargeRebate.proto,config,3,0,"RechargeRebateRebateConfigure,RechargeRebateRebateConfigureItem,RechargeRebateConfigure"
RechargeStore.proto,config,6,0,"RechargeStoreShelfConfigure,RechargeStoreInfoConfigure,RechargeStoreGoodsConfigure,RechargeStoreGoodsConfigureItem,RechargeStoreTransferTypeConfigure,RechargeStoreConfigure"
RechargeStoreAds.proto,config,3,0,"RechargeStoreAdsAdsConfigure,RechargeStoreAdsAdsConfigureItem,RechargeStoreAdsConfigure"
Relic.proto,config,5,0,"RelicInfoConfigure,RelicParamsConfigure,RelicKeywordsConfigure,RelicCharacterRelicConfigure,RelicConfigure"
RemoveResource.proto,config,4,0,"RemoveResourceImageConfigure,RemoveResourceVideoConfigure,RemoveResourceAudioConfigure,RemoveResourceConfigure"
Round.proto,config,2,0,"RoundInfoConfigure,RoundConfigure"
STRAchieve.proto,config,2,0,"STRAchieveLocalConfigure,STRAchieveConfigure"
STRAcquisition.proto,config,2,0,"STRAcquisitionLocalConfigure,STRAcquisitionConfigure"
STRActivity.proto,config,2,0,"STRActivityLocalConfigure,STRActivityConfigure"
STRBanner.proto,config,2,0,"STRBannerLocalConfigure,STRBannerConfigure"
STRBattlePass.proto,config,2,0,"STRBattlePassLocalConfigure,STRBattlePassConfigure"
STRBeginTips.proto,config,2,0,"STRBeginTipsLocalConfigure,STRBeginTipsConfigure"
STRBot.proto,config,2,0,"STRBotLocalConfigure,STRBotConfigure"
STRBuff.proto,config,2,0,"STRBuffLocalConfigure,STRBuffConfigure"
STRCampaign.proto,config,2,0,"STRCampaignLocalConfigure,STRCampaignConfigure"
STRCard.proto,config,2,0,"STRCardLocalConfigure,STRCardConfigure"
STRCharacter.proto,config,2,0,"STRCharacterLocalConfigure,STRCharacterConfigure"
STRChat.proto,config,2,0,"STRChatLocalConfigure,STRChatConfigure"
STRChest.proto,config,2,0,"STRChestLocalConfigure,STRChestConfigure"
STRChoosingTimeLimit.proto,config,2,0,"STRChoosingTimeLimitLocalConfigure,STRChoosingTimeLimitConfigure"
STRCollaboration.proto,config,2,0,"STRCollaborationLocalConfigure,STRCollaborationConfigure"
STRDay7GiftPackage.proto,config,2,0,"STRDay7GiftPackageLocalConfigure,STRDay7GiftPackageConfigure"
STRDestiny.proto,config,2,0,"STRDestinyLocalConfigure,STRDestinyConfigure"
STRDialog.proto,config,2,0,"STRDialogLocalConfigure,STRDialogConfigure"
STRDiceActivity.proto,config,2,0,"STRDiceActivityLocalConfigure,STRDiceActivityConfigure"
STRDivination.proto,config,2,0,"STRDivinationLocalConfigure,STRDivinationConfigure"
STRDynamic.proto,config,2,0,"STRDynamicLocalConfigure,STRDynamicConfigure"
STREvent.proto,config,2,0,"STREventLocalConfigure,STREventConfigure"
STRExchangeStore.proto,config,2,0,"STRExchangeStoreLocalConfigure,STRExchangeStoreConfigure"
STRFriend.proto,config,2,0,"STRFriendLocalConfigure,STRFriendConfigure"
STRGUI.proto,config,2,0,"STRGUILocalConfigure,STRGUIConfigure"
STRGacha.proto,config,2,0,"STRGachaLocalConfigure,STRGachaConfigure"
STRGameMode.proto,config,2,0,"STRGameModeLocalConfigure,STRGameModeConfigure"
STRGuild.proto,config,2,0,"STRGuildLocalConfigure,STRGuildConfigure"
STRItem.proto,config,2,0,"STRItemLocalConfigure,STRItemConfigure"
STRLand.proto,config,2,0,"STRLandLocalConfigure,STRLandConfigure"
STRLuckyStarBattle.proto,config,2,0,"STRLuckyStarBattleLocalConfigure,STRLuckyStarBattleConfigure"
STRMap.proto,config,2,0,"STRMapLocalConfigure,STRMapConfigure"
STRMapEvent.proto,config,2,0,"STRMapEventLocalConfigure,STRMapEventConfigure"
STRMatch.proto,config,2,0,"STRMatchLocalConfigure,STRMatchConfigure"
STRMessage.proto,config,2,0,"STRMessageLocalConfigure,STRMessageConfigure"
STRMission.proto,config,2,0,"STRMissionLocalConfigure,STRMissionConfigure"
STRMonster.proto,config,2,0,"STRMonsterLocalConfigure,STRMonsterConfigure"
STRMonthlyCard.proto,config,2,0,"STRMonthlyCardLocalConfigure,STRMonthlyCardConfigure"
STRMutator.proto,config,2,0,"STRMutatorLocalConfigure,STRMutatorConfigure"
STRPVEMission.proto,config,2,0,"STRPVEMissionLocalConfigure,STRPVEMissionConfigure"
STRPVENurturance.proto,config,2,0,"STRPVENurturanceLocalConfigure,STRPVENurturanceConfigure"
STRPerform.proto,config,2,0,"STRPerformLocalConfigure,STRPerformConfigure"
STRPlayer.proto,config,2,0,"STRPlayerLocalConfigure,STRPlayerConfigure"
STRProductRecommendation.proto,config,2,0,"STRProductRecommendationLocalConfigure,STRProductRecommendationConfigure"
STRRechargeStore.proto,config,2,0,"STRRechargeStoreLocalConfigure,STRRechargeStoreConfigure"
STRRechargeStoreAds.proto,config,2,0,"STRRechargeStoreAdsLocalConfigure,STRRechargeStoreAdsConfigure"
STRRelic.proto,config,2,0,"STRRelicLocalConfigure,STRRelicConfigure"
STRServer.proto,config,2,0,"STRServerLocalConfigure,STRServerConfigure"
STRSettings.proto,config,2,0,"STRSettingsLocalConfigure,STRSettingsConfigure"
STRSignIn.proto,config,2,0,"STRSignInLocalConfigure,STRSignInConfigure"
STRSinglePlayer.proto,config,2,0,"STRSinglePlayerLocalConfigure,STRSinglePlayerConfigure"
STRSkill.proto,config,2,0,"STRSkillLocalConfigure,STRSkillConfigure"
STRSkin.proto,config,2,0,"STRSkinLocalConfigure,STRSkinConfigure"
STRSkinSell.proto,config,2,0,"STRSkinSellLocalConfigure,STRSkinSellConfigure"
STRSpectate.proto,config,2,0,"STRSpectateLocalConfigure,STRSpectateConfigure"
STRStory.proto,config,2,0,"STRStoryLocalConfigure,STRStoryConfigure"
STRSummon.proto,config,2,0,"STRSummonLocalConfigure,STRSummonConfigure"
STRSurvey.proto,config,2,0,"STRSurveyLocalConfigure,STRSurveyConfigure"
STRTask.proto,config,2,0,"STRTaskLocalConfigure,STRTaskConfigure"
STRTutorial.proto,config,2,0,"STRTutorialLocalConfigure,STRTutorialConfigure"
STRVoice.proto,config,2,0,"STRVoiceLocalConfigure,STRVoiceConfigure"
STRWay.proto,config,2,0,"STRWayLocalConfigure,STRWayConfigure"
STRWelfare.proto,config,2,0,"STRWelfareLocalConfigure,STRWelfareConfigure"
SensitiveWords.proto,config,2,0,"SensitiveWordsInfoConfigure,SensitiveWordsConfigure"
Server.proto,config,2,0,"ServerErrorConfigure,ServerConfigure"
Settings.proto,config,8,0,"SettingsResolutionConfigure,SettingsRefreshRateConfigure,SettingsDisplayModeConfigure,SettingsLanguageConfigure,SettingsAnchorConfigure,SettingsQualityConfigure,SettingsVoiceLanguageConfigure,SettingsConfigure"
ShopTab.proto,config,2,0,"ShopTabInfoConfigure,ShopTabConfigure"
SignIn.proto,config,4,0,"SignInInfoConfigure,SignInDataConfigure,SignInDataConfigureItem,SignInConfigure"
SinglePlayer.proto,config,19,0,"SinglePlayerUpgradeConfigure,SinglePlayerUpgradeConfigureItem,SinglePlayerCardUpgradeConfigure,SinglePlayerCardUpgradeConfigureItem,SinglePlayerParamConfigure,SinglePlayerRelicConfigure,SinglePlayerMonsterConfigure,SinglePlayerLevelConfigure,SinglePlayerChapterConfigure,SinglePlayerLevelProgressConfigure,SinglePlayerLevelProgressConfigureItem,SinglePlayerCardConfigure,SinglePlayerCardConfigureItem,SinglePlayerCardPackConfigure,SinglePlayerBulletConfigure,SinglePlayerPerformConfigure,SinglePlayerLandConfigure,SinglePlayerCardTagConfigure,SinglePlayerConfigure"
Skill.proto,config,2,0,"SkillInfoConfigure,SkillConfigure"
Skin.proto,config,5,0,"SkinStandingPaintingConfigure,SkinStandingPaintingConfigureItem,SkinOffsetConfigure,SkinSkinPendantConfigure,SkinConfigure"
SkinSell.proto,config,3,0,"SkinSellInfoConfigure,SkinSellInfoConfigureItem,SkinSellConfigure"
Story.proto,config,4,0,"StoryStoryConfigure,StorySpeakerConfigure,StorySkinConfigure,StoryConfigure"
Summon.proto,config,2,0,"SummonInfoConfigure,SummonConfigure"
Survey.proto,config,2,0,"SurveyInfoConfigure,SurveyConfigure"
Task.proto,config,5,0,"TaskBeginnerConfigure,TaskWeeklyConfigure,TaskWeeklyProgressConfigure,TaskDay7Configure,TaskConfigure"
Trial.proto,config,3,0,"TrialActivityConfigure,TrialParamsConfigure,TrialConfigure"
Tutorial.proto,config,6,0,"TutorialinfoConfigure,TutorialinfoConfigureItem,TutorialdialogConfigure,TutorialdialogConfigureItem,TutorialpopupConfigure,TutorialConfigure"
UI.proto,config,4,0,"UIPanelConfigure,UIPanelConfigureShowCurrenciess,UIWindowConfigure,UIConfigure"
Upgrade.proto,config,3,0,"UpgradeDataConfigure,UpgradeDataConfigureItem,UpgradeConfigure"
Version.proto,config,2,0,"VersionDataConfigure,VersionConfigure"
Video.proto,config,3,0,"VideoGlobalConfigure,VideoVideoQueueConfigure,VideoConfigure"
Way.proto,config,3,0,"WayInfoConfigure,WayDataConfigure,WayConfigure"
Welfare.proto,config,2,0,"WelfareInfoConfigure,WelfareConfigure"
